{"cameraMode":{"drawMode":0,"name":"Shaded","section":"Shading Mode"},"sceneLighting":false,"audioPlay":false,"sceneViewState":{"m_AlwaysRefresh":false,"showFog":true,"showSkybox":false,"showFlares":true,"showImageEffects":true,"showParticleSystems":true,"showVisualEffectGraphs":true,"m_FxEnabled":true},"in2DMode":false,"pivot":{"x":-1.741166591644287,"y":-0.40699416399002077,"z":0.6993372440338135},"rotation":{"x":-0.10774117708206177,"y":0.5973778963088989,"z":-0.08119949698448181,"w":-0.7906445264816284},"size":30.308807373046876,"orthographic":false}