{"cameraMode":{"drawMode":0,"name":"Shaded","section":"Shading Mode"},"sceneLighting":false,"audioPlay":false,"sceneViewState":{"m_AlwaysRefresh":false,"showFog":true,"showSkybox":false,"showFlares":true,"showImageEffects":true,"showParticleSystems":true,"showVisualEffectGraphs":true,"m_FxEnabled":true},"in2DMode":false,"pivot":{"x":0.037589073181152347,"y":1.330327033996582,"z":0.13435852527618409},"rotation":{"x":-0.26238396763801577,"y":0.5880203247070313,"z":-0.20939572155475617,"w":-0.7360119223594666},"size":4.046691417694092,"orthographic":false}