{"cameraMode":{"drawMode":0,"name":"Shaded","section":"Shading Mode"},"sceneLighting":false,"audioPlay":false,"sceneViewState":{"m_AlwaysRefresh":false,"showFog":true,"showSkybox":false,"showFlares":true,"showImageEffects":true,"showParticleSystems":true,"showVisualEffectGraphs":true,"m_FxEnabled":true},"in2DMode":false,"pivot":{"x":0.025799989700317384,"y":1.8737713098526,"z":0.00029540061950683594},"rotation":{"x":-0.26238396763801577,"y":0.5880203247070313,"z":-0.20939572155475617,"w":-0.7360119223594666},"size":4.133065700531006,"orthographic":false}